Species,Jan,Feb,Mar,Apr,May,Jun,Jul,Aug,Sep,Oct,Nov,Dec
Fulvous Whistling-Duck,0.0,0.0,0.0,0.0,0.0,0.0037879,0.0042918,0.0059524,0.0,0.0,0.005988,0.0099751
Lesser Whistling-Duck,0.0310345,0.0797342,0.0725552,0.0620347,0.0539683,0.1136364,0.0429185,0.0863095,0.0787402,0.1,0.1017964,0.1147132
Fulvous/Lesser Whistling-Duck,0.0,0.0,0.0,0.0,0.0,0.0,0.0,0.0,0.0,0.0,0.0,0.0
Bar-headed Goose,0.0034483,0.0,0.0,0.0,0.0,0.0037879,0.0042918,0.0,0.0,0.0038462,0.0,0.0
Graylag Goose,0.0,0.0,0.0,0.0024814,0.0,0.0,0.0,0.0,0.003937,0.0,0.0,0.0015
Greater White-fronted Goose,0.0,0.0,0.0,0.0,0.0,0.0,0.0,0.0,0.0,0.0,0.0015,0.0
Knob-billed Duck,0.0,0.0,0.0,0.0,0.0,0.0,0.0015,0.0,0.0,0.0,0.0,0.0
Ruddy Shelduck,0.0,0.0,0.0,0.0,0.0031746,0.0151515,0.0085837,0.0119048,0.015748,0.0038462,0.0179641,0.0074813
Common Shelduck,0.0,0.0,0.0,0.0,0.0,0.0037879,0.0,0.0029762,0.0,0.0,0.0,0.0
Cotton Pygmy-Goose,0.0,0.0,0.0,0.0,0.0,0.0,0.0,0.0059524,0.0,0.0,0.0,0.0024938
Baikal Teal,0.0,0.0,0.0,0.0,0.0,0.0,0.0,0.0,0.0,0.0,0.0,0.0
Garganey,0.0,0.0,0.0031546,0.0024814,0.0,0.0015,0.0,0.0029762,0.003937,0.0038462,0.008982,0.0049875
Northern Shoveler,0.0,0.0,0.0031546,0.0024814,0.0031746,0.0113636,0.0,0.0029762,0.0,0.0,0.0,0.0049875
Gadwall,0.0,0.0,0.0063091,0.0148883,0.0063492,0.0037879,0.0,0.0267857,0.019685,0.0076923,0.011976,0.0074813
Falcated Duck,0.0,0.0,0.0,0.0,0.0,0.0,0.0,0.0059524,0.0,0.0,0.0,0.0
Eurasian Wigeon,0.0,0.0,0.0031546,0.0024814,0.0031746,0.0075758,0.0,0.0,0.0,0.0,0.005988,0.0024938
Indian Spot-billed Duck,0.0,0.0,0.0031546,0.0124069,0.0,0.0113636,0.0,0.0089286,0.0,0.0038462,0.002994,0.0074813
Mallard,0.0,0.0,0.0,0.0,0.0,0.0,0.0,0.0,0.0,0.0,0.0,0.0
Northern Pintail,0.0,0.0,0.0031546,0.0099256,0.0095238,0.0113636,0.0,0.0059524,0.0015,0.0038462,0.002994,0.0024938
Green-winged Teal,0.0,0.0,0.0031546,0.0024814,0.0031746,0.0075758,0.0,0.0,0.0,0.0115385,0.008982,0.0074813
teal sp.,0.0,0.0,0.0,0.0,0.0,0.0,0.0,0.0,0.0,0.0076923,0.0,0.0
Red-crested Pochard,0.0,0.0,0.0,0.0,0.0,0.0,0.0,0.0059524,0.0,0.0,0.0,0.0
Common Pochard,0.0,0.0,0.0,0.0,0.0,0.0,0.0,0.0,0.0,0.0,0.002994,0.0
Ferruginous Duck,0.0,0.0,0.0,0.0024814,0.0,0.0037879,0.0042918,0.0059524,0.0,0.0,0.002994,0.0049875
Tufted Duck,0.0,0.0,0.0,0.0,0.0,0.0037879,0.0,0.0,0.0,0.0,0.002994,0.0015
Greater Scaup,0.0,0.0,0.0,0.0,0.0,0.0,0.0,0.0,0.0,0.0,0.002994,0.0049875
duck sp.,0.0034483,0.0,0.0,0.0,0.0,0.0,0.0,0.0,0.0,0.0,0.002994,0.0
White-cheeked Partridge,0.0,0.0,0.0,0.0,0.0,0.0,0.0,0.0,0.0,0.0,0.0,0.0
Kalij Pheasant,0.0,0.0,0.0,0.0,0.0,0.0,0.0,0.0,0.0,0.0,0.0,0.0
Red Junglefowl,0.0034483,0.0015,0.0,0.0,0.0031746,0.0,0.0,0.0,0.0,0.0038462,0.0,0.0
Gray Francolin,0.0,0.0,0.0,0.0,0.0,0.0,0.0,0.0,0.0,0.0,0.0,0.0
Black Francolin,0.0,0.0,0.0,0.0,0.0,0.0,0.0,0.0,0.0,0.0,0.0,0.0
Blue-breasted Quail,0.0,0.0,0.0,0.0,0.0,0.0,0.0,0.0,0.0,0.0,0.0,0.0
Common Quail,0.0,0.0,0.0,0.0,0.0,0.0,0.0,0.0029762,0.0,0.0,0.0,0.0
Rain Quail,0.0,0.0,0.0,0.0,0.0,0.0,0.0,0.0,0.0015,0.0,0.0,0.0
old world quail sp.,0.0,0.0,0.0,0.0,0.0031746,0.0,0.0,0.0029762,0.0,0.0,0.0,0.0024938
Rock Pigeon,0.4931034,0.5282392,0.5205047,0.5260546,0.4190476,0.4318182,0.4291845,0.4761905,0.480315,0.4846154,0.4431138,0.4738155
Oriental Turtle-Dove,0.0,0.013289,0.0031546,0.0049628,0.0031746,0.0037879,0.0,0.0029762,0.003937,0.0076923,0.002994,0.0
Eurasian Collared-Dove,0.0827586,0.1295681,0.1135647,0.0918114,0.1269841,0.1212121,0.0987124,0.125,0.1299213,0.1115385,0.1257485,0.1097257
Red Collared-Dove,0.0413793,0.1096346,0.0694006,0.0496278,0.0761905,0.0757576,0.0386266,0.0714286,0.0590551,0.0653846,0.0598802,0.0648379
Spotted Dove,0.437931,0.5647841,0.5173502,0.5136476,0.4571429,0.5113636,0.5321888,0.514881,0.4055118,0.4230769,0.4730539,0.4812968
Asian Emerald Dove,0.0034483,0.0066445,0.0189274,0.0049628,0.0285714,0.0151515,0.0386266,0.0386905,0.015748,0.0115385,0.008982,0.0074813
Orange-breasted Green-Pigeon,0.0034483,0.0066445,0.0,0.0,0.0031746,0.0075758,0.0042918,0.0,0.0015,0.0038462,0.0,0.0049875
Ashy-headed Green-Pigeon,0.0,0.0033223,0.0,0.0,0.0,0.0,0.0,0.0,0.0,0.0,0.0,0.0024938
Thick-billed Green-Pigeon,0.0,0.0033223,0.0031546,0.0,0.0,0.0,0.0,0.0,0.0,0.0,0.0,0.0
Yellow-footed Green-Pigeon,0.0896552,0.1362126,0.1514196,0.1116625,0.1206349,0.1136364,0.1545064,0.1428571,0.1220472,0.1230769,0.1167665,0.0972569
green-pigeon sp.,0.0068966,0.0033223,0.0,0.0,0.0,0.0,0.0042918,0.0059524,0.003937,0.0038462,0.005988,0.0
pigeon/dove sp.,0.0,0.0,0.0,0.0,0.0,0.0,0.0,0.0,0.0,0.0,0.0,0.0
Greater Coucal,0.0275862,0.076412,0.0694006,0.0421836,0.0666667,0.094697,0.0815451,0.1011905,0.1220472,0.1076923,0.1047904,0.1296758
Lesser Coucal,0.0,0.0033223,0.0,0.0049628,0.015873,0.0265152,0.0042918,0.0089286,0.0275591,0.0192308,0.0149701,0.0174564
coucal sp.,0.0,0.0,0.0,0.0,0.0,0.0,0.0,0.0,0.0,0.0,0.0,0.0
Green-billed Malkoha,0.0068966,0.0199336,0.0063091,0.0148883,0.0,0.0075758,0.0128755,0.0119048,0.007874,0.0038462,0.011976,0.0099751
Chestnut-winged Cuckoo,0.0,0.0,0.0,0.0,0.0,0.0,0.0,0.0,0.0,0.0,0.0,0.0
Pied Cuckoo,0.0172414,0.013289,0.0063091,0.0,0.0031746,0.0,0.0042918,0.0,0.0015,0.0,0.002994,0.0
Asian Koel,0.2172414,0.2790698,0.2334385,0.2009926,0.1555556,0.1856061,0.2188841,0.1577381,0.1732283,0.1,0.1137725,0.1221945
Violet Cuckoo,0.0,0.0,0.0,0.0,0.0,0.0,0.0,0.0,0.0,0.0,0.0,0.0
Banded Bay Cuckoo,0.0,0.0,0.0,0.0,0.0,0.0,0.0,0.0,0.0,0.0,0.0,0.0
Plaintive Cuckoo,0.0241379,0.0265781,0.022082,0.0148883,0.0095238,0.0151515,0.0214592,0.0119048,0.011811,0.0230769,0.0179641,0.0299252
Gray-bellied Cuckoo,0.0,0.0,0.0,0.0,0.0,0.0,0.0,0.0,0.0,0.0,0.0,0.0024938
Plaintive/Gray-bellied Cuckoo,0.0,0.0,0.0,0.0,0.0,0.0,0.0,0.0,0.0,0.0,0.0,0.0
Square-tailed Drongo-Cuckoo,0.0,0.0033223,0.0,0.0,0.0,0.0,0.0,0.0,0.0,0.0,0.0,0.0
Large Hawk-Cuckoo,0.0,0.0,0.0,0.0,0.0031746,0.0,0.0,0.0,0.0,0.0,0.0,0.0
Common Hawk-Cuckoo,0.0344828,0.0531561,0.0567823,0.0347395,0.0761905,0.0681818,0.0729614,0.077381,0.0511811,0.0692308,0.0239521,0.0673317
hawk-cuckoo sp.,0.0,0.0033223,0.0,0.0,0.0,0.0,0.0,0.0,0.0,0.0,0.0,0.0
Lesser Cuckoo,0.0,0.0,0.0,0.0,0.0,0.0,0.0,0.0,0.0,0.0,0.0,0.0
Indian Cuckoo,0.0,0.0,0.0,0.0,0.0063492,0.0,0.0042918,0.0029762,0.0,0.0015,0.002994,0.0049875
Common Cuckoo,0.0137931,0.0099668,0.0063091,0.0024814,0.0031746,0.0,0.0042918,0.0,0.0,0.0,0.0,0.0
Cuculus sp.,0.0068966,0.0066445,0.0094637,0.0,0.0,0.0037879,0.0,0.0,0.0,0.0038462,0.0,0.0
Great Eared-Nightjar,0.0,0.0,0.0,0.0,0.0,0.0,0.0,0.0,0.0,0.0,0.0,0.0
Large-tailed Nightjar,0.0068966,0.0265781,0.0126183,0.0049628,0.0063492,0.0037879,0.0042918,0.0208333,0.019685,0.0192308,0.0,0.0174564
nightjar sp.,0.0,0.0,0.0,0.0,0.0,0.0,0.0,0.0,0.0,0.0,0.0,0.0
Hodgson's Frogmouth,0.0,0.0,0.0,0.0,0.0,0.0,0.0,0.0,0.0,0.0,0.0,0.0
Himalayan Swiftlet,0.0,0.0,0.0,0.0,0.0,0.0075758,0.0042918,0.0,0.0,0.0038462,0.005988,0.0
Pacific Swift,0.0,0.0,0.0,0.0,0.0,0.0,0.0,0.0,0.0015,0.0,0.0,0.0
House Swift,0.4655172,0.4152824,0.466877,0.4764268,0.3619048,0.344697,0.360515,0.297619,0.2874016,0.2307692,0.260479,0.2044888
Asian Palm Swift,0.3241379,0.3654485,0.384858,0.3151365,0.2253968,0.2727273,0.3218884,0.3035714,0.2440945,0.2384615,0.251497,0.2518703
swift sp.,0.0034483,0.0066445,0.0031546,0.0,0.0031746,0.0015,0.0,0.0,0.003937,0.0076923,0.0015,0.0049875
Crested Treeswift,0.0,0.0,0.0,0.0,0.0,0.0,0.0,0.0,0.0,0.0,0.0,0.0
Brown-cheeked Rail,0.0,0.0,0.0,0.0,0.0,0.0,0.0,0.0,0.0,0.0,0.002994,0.0
Slaty-breasted Rail,0.0,0.0,0.0,0.0,0.0,0.0,0.0,0.0,0.003937,0.0,0.0,0.0
Eurasian Moorhen,0.0,0.0033223,0.022082,0.0024814,0.0063492,0.0113636,0.0171674,0.0357143,0.0354331,0.0384615,0.0329341,0.0349127
Eurasian Coot,0.0,0.0,0.0,0.0,0.0031746,0.0,0.0042918,0.0089286,0.011811,0.0,0.005988,0.0
Gray-headed Swamphen,0.0206897,0.013289,0.0252366,0.0049628,0.0063492,0.0113636,0.0,0.0,0.0,0.0038462,0.0,0.0024938
Watercock,0.0,0.0,0.0031546,0.0,0.0,0.0037879,0.0,0.0059524,0.007874,0.0,0.0,0.0
White-breasted Waterhen,0.0724138,0.1495017,0.126183,0.1066998,0.0984127,0.1590909,0.1072961,0.1607143,0.1338583,0.1192308,0.1017964,0.1296758
Ruddy-breasted Crake,0.0,0.0,0.0,0.0,0.0031746,0.0,0.0,0.0059524,0.0,0.0,0.0,0.0
Brown Crake,0.0,0.0,0.0,0.0,0.0,0.0,0.0,0.0,0.003937,0.0,0.0,0.0
Baillon's Crake,0.0,0.0,0.0,0.0,0.0,0.0,0.0042918,0.0089286,0.011811,0.0038462,0.0,0.0
rail/crake sp.,0.0034483,0.0,0.0,0.0,0.0,0.0,0.0042918,0.0029762,0.003937,0.0,0.0,0.0
Black-winged Stilt,0.0,0.0,0.0,0.0,0.0031746,0.0,0.0,0.0029762,0.0,0.0,0.0,0.0
Pied Avocet,0.0,0.0,0.0031546,0.0024814,0.0063492,0.0075758,0.0,0.0029762,0.0,0.0,0.002994,0.0
Black-bellied Plover,0.0,0.0,0.0031546,0.0,0.0,0.0037879,0.0,0.0,0.0,0.0,0.0,0.0
Pacific Golden-Plover,0.0,0.0033223,0.0031546,0.0024814,0.0031746,0.0113636,0.0085837,0.0029762,0.011811,0.0,0.0,0.0024938
Little Ringed Plover,0.0068966,0.013289,0.0473186,0.0521092,0.0603175,0.0719697,0.0386266,0.0595238,0.0629921,0.0730769,0.0598802,0.042394
River Lapwing,0.0,0.0,0.0,0.0024814,0.0,0.0,0.0,0.0,0.0,0.0038462,0.0015,0.0
Yellow-wattled Lapwing,0.0034483,0.0232558,0.0126183,0.0024814,0.0126984,0.0113636,0.0171674,0.0208333,0.003937,0.0153846,0.005988,0.0149626
Gray-headed Lapwing,0.0896552,0.1295681,0.1104101,0.0620347,0.0666667,0.0681818,0.0472103,0.0446429,0.0551181,0.0576923,0.0508982,0.0399002
Red-wattled Lapwing,0.0655172,0.0730897,0.0851735,0.0992556,0.1015873,0.094697,0.0643777,0.0744048,0.0472441,0.0961538,0.0748503,0.0648379
lapwing sp.,0.0034483,0.0,0.0,0.0,0.0,0.0,0.0,0.0059524,0.0,0.0,0.0,0.0
Tibetan Sand-Plover,0.0,0.0,0.0,0.0024814,0.0,0.0037879,0.0,0.0,0.003937,0.0,0.0,0.0049875
sand-plover sp.,0.0,0.0,0.0,0.0,0.0,0.0,0.0,0.0,0.0,0.0,0.0,0.0
Kentish Plover,0.0,0.0066445,0.0157729,0.0198511,0.0126984,0.0151515,0.0042918,0.0059524,0.007874,0.0038462,0.008982,0.0049875
plover sp.,0.0,0.0,0.0,0.0,0.0031746,0.0,0.0,0.0029762,0.0,0.0,0.0,0.0
Greater Painted-Snipe,0.0034483,0.0166113,0.0,0.0024814,0.0063492,0.0037879,0.0,0.0059524,0.019685,0.0192308,0.008982,0.0049875
Pheasant-tailed Jacana,0.0034483,0.0,0.0063091,0.0024814,0.0063492,0.0151515,0.0042918,0.0208333,0.0275591,0.0038462,0.0179641,0.0049875
Bronze-winged Jacana,0.0551724,0.089701,0.0977918,0.0843672,0.0539683,0.1098485,0.0643777,0.0982143,0.1456693,0.0961538,0.1257485,0.1321696
Whimbrel,0.0,0.0,0.0,0.0,0.0,0.0,0.0,0.0,0.0,0.0,0.0,0.0
Eurasian Curlew,0.0,0.0,0.0,0.0,0.0,0.0075758,0.0042918,0.0029762,0.0,0.0,0.002994,0.0
Black-tailed Godwit,0.0,0.0,0.0,0.0,0.0,0.0,0.0,0.0,0.003937,0.0,0.002994,0.0
Jack Snipe,0.0,0.0,0.0,0.0,0.0031746,0.0,0.0,0.0,0.007874,0.0,0.0,0.0
Wood Snipe,0.0,0.0,0.0,0.0,0.0,0.0,0.0,0.0,0.0,0.0,0.0,0.0024938
Pin-tailed Snipe,0.0,0.0199336,0.0031546,0.0,0.0063492,0.0151515,0.0042918,0.0238095,0.0393701,0.0269231,0.0329341,0.0249377
Swinhoe's/Pin-tailed Snipe,0.0034483,0.0066445,0.0063091,0.0049628,0.0,0.0075758,0.0128755,0.0029762,0.0,0.0038462,0.005988,0.0
Common Snipe,0.0034483,0.0199336,0.0189274,0.0173697,0.015873,0.0265152,0.0214592,0.0267857,0.0472441,0.0307692,0.0538922,0.0249377
snipe sp.,0.0034483,0.0033223,0.0031546,0.0099256,0.0,0.0037879,0.0,0.0059524,0.0,0.0230769,0.002994,0.0074813
Red-necked Phalarope,0.0,0.0,0.0,0.0,0.0,0.0,0.0,0.0,0.0,0.0,0.0,0.0
Common Sandpiper,0.0137931,0.0631229,0.0725552,0.0545906,0.0380952,0.0643939,0.0386266,0.0505952,0.0826772,0.0923077,0.0868263,0.0623441
Green Sandpiper,0.0241379,0.0631229,0.0757098,0.0496278,0.0698413,0.0643939,0.0515021,0.047619,0.0787402,0.0884615,0.0928144,0.0448878
Marsh Sandpiper,0.0,0.0,0.0,0.0,0.0,0.0,0.0,0.0059524,0.007874,0.0038462,0.002994,0.0
Wood Sandpiper,0.0034483,0.013289,0.0031546,0.0124069,0.015873,0.0340909,0.0128755,0.0327381,0.0590551,0.0384615,0.0508982,0.032419
Common Redshank,0.0034483,0.0,0.0,0.0,0.0,0.0,0.0,0.0,0.003937,0.0,0.0,0.0024938
Spotted Redshank,0.0,0.0,0.0,0.0,0.0,0.0037879,0.0042918,0.0059524,0.015748,0.0,0.002994,0.0
Common Greenshank,0.0,0.0,0.0031546,0.0099256,0.0031746,0.0037879,0.0085837,0.0119048,0.023622,0.0076923,0.0149701,0.0049875
Tringa sp.,0.0,0.0,0.0,0.0,0.0,0.0,0.0,0.0,0.0,0.0,0.0,0.0024938
Ruff,0.0,0.0,0.0,0.0024814,0.0031746,0.0075758,0.0,0.0029762,0.007874,0.0,0.008982,0.0
Curlew Sandpiper,0.0,0.0,0.0031546,0.0,0.0031746,0.0,0.0,0.0,0.0,0.0,0.0,0.0
Temminck's Stint,0.0034483,0.0066445,0.0157729,0.0124069,0.015873,0.0227273,0.0085837,0.0297619,0.019685,0.0269231,0.0209581,0.0174564
Red-necked Stint,0.0,0.0,0.0,0.0,0.0031746,0.0037879,0.0,0.0,0.0,0.0038462,0.002994,0.0024938
Dunlin,0.0,0.0,0.0,0.0,0.0,0.0,0.0,0.0029762,0.0,0.0038462,0.002994,0.0
Little Stint,0.0,0.0,0.0094637,0.0124069,0.0126984,0.0113636,0.0085837,0.0089286,0.007874,0.0038462,0.0149701,0.0074813
Red-necked/Little Stint,0.0,0.0,0.0,0.0,0.0,0.0037879,0.0,0.0,0.0,0.0,0.0,0.0024938
Barred Buttonquail,0.0,0.0,0.0,0.0,0.0031746,0.0,0.0,0.0029762,0.0,0.0,0.0,0.0
buttonquail sp.,0.0,0.0,0.0,0.0,0.0,0.0,0.0,0.0,0.0,0.0,0.0,0.0
Small Pratincole,0.0,0.0066445,0.0157729,0.0223325,0.0095238,0.0113636,0.0,0.0178571,0.007874,0.0038462,0.005988,0.0099751
Oriental Pratincole,0.0034483,0.0,0.0126183,0.0049628,0.0,0.0037879,0.0,0.0029762,0.0,0.0,0.002994,0.0
shorebird sp.,0.0,0.0,0.0,0.0,0.0,0.0,0.0042918,0.0029762,0.0,0.0,0.0,0.0
Black-headed Gull,0.0,0.0,0.0063091,0.0099256,0.015873,0.0189394,0.0171674,0.0238095,0.011811,0.0038462,0.005988,0.0074813
Brown-headed Gull,0.0,0.0066445,0.0063091,0.0297767,0.0190476,0.0378788,0.0171674,0.0357143,0.007874,0.0076923,0.0209581,0.0149626
Pallas's Gull,0.0,0.0,0.0094637,0.0173697,0.015873,0.0151515,0.0042918,0.0089286,0.003937,0.0,0.0,0.0024938
Lesser Black-backed Gull,0.0,0.0,0.0031546,0.0099256,0.0,0.0075758,0.0042918,0.0059524,0.0,0.0,0.0,0.0
gull sp.,0.0,0.0033223,0.0,0.0,0.0031746,0.0037879,0.0,0.0,0.0,0.0,0.0,0.0
Indian Skimmer,0.0,0.0,0.0031546,0.0,0.0,0.0,0.0,0.0,0.0,0.0,0.0,0.0
Sooty Tern,0.0,0.0,0.0,0.0,0.0,0.0,0.0,0.0,0.0,0.0,0.0,0.0
Bridled Tern,0.0,0.0,0.0,0.0,0.0,0.0,0.0,0.0,0.0,0.0,0.0,0.0
Little Tern,0.0,0.0,0.0,0.0,0.0,0.0,0.0,0.0,0.003937,0.0,0.0,0.0
Gull-billed Tern,0.0,0.0,0.0,0.0,0.0,0.0,0.0,0.0,0.003937,0.0,0.0,0.0
Caspian Tern,0.0,0.0,0.0,0.0,0.0,0.0,0.0,0.0,0.0,0.0,0.0,0.0
Whiskered Tern,0.0034483,0.0033223,0.0031546,0.0074442,0.0,0.0151515,0.0,0.0119048,0.015748,0.0076923,0.0239521,0.0149626
River Tern,0.0,0.0,0.0,0.0,0.0,0.0,0.0,0.0,0.0,0.0,0.0,0.0
Common Tern,0.0,0.0,0.0015,0.0,0.0,0.0,0.0,0.0,0.0,0.0,0.0,0.0
tern sp.,0.0,0.0,0.0015,0.0,0.0,0.0037879,0.0,0.0,0.0,0.0038462,0.0,0.0
Little Grebe,0.0015,0.0199336,0.022082,0.0173697,0.0190476,0.030303,0.0300429,0.0416667,0.0511811,0.0538462,0.0419162,0.0448878
Great Crested Grebe,0.0,0.0,0.0,0.0,0.0,0.0,0.0015,0.0029762,0.0,0.0,0.002994,0.0049875
Eared Grebe,0.0,0.0,0.0,0.0,0.0,0.0,0.0,0.0,0.0,0.0,0.0,0.0
Wilson's Storm-Petrel,0.0,0.0,0.0,0.0,0.0,0.0,0.0,0.0,0.0,0.0,0.0,0.0
Jouanin's Petrel,0.0,0.0,0.0,0.0,0.0,0.0,0.0,0.0,0.0,0.0,0.0,0.0
Wedge-tailed Shearwater,0.0,0.0,0.0,0.0,0.0,0.0,0.0,0.0,0.0,0.0,0.0,0.0
Short-tailed Shearwater,0.0,0.0,0.0,0.0,0.0,0.0,0.0,0.0,0.0,0.0,0.0,0.0
Asian Openbill,0.0,0.0099668,0.0157729,0.0347395,0.0063492,0.0189394,0.0515021,0.0446429,0.0866142,0.0730769,0.0718563,0.0972569
Black Stork,0.0034483,0.0,0.0,0.0,0.0,0.0037879,0.0085837,0.0029762,0.003937,0.0,0.0,0.0024938
Asian Woolly-necked Stork,0.0,0.0,0.0,0.0,0.0,0.0,0.0,0.0,0.0,0.0,0.005988,0.0049875
Lesser Adjutant,0.0,0.0,0.0,0.0,0.0,0.0,0.0,0.0,0.0,0.0,0.0,0.0
Painted Stork,0.0,0.0,0.0,0.0024814,0.0031746,0.0075758,0.0042918,0.0,0.0,0.0,0.0,0.0
Oriental Darter,0.0,0.0,0.0031546,0.0024814,0.0,0.0037879,0.0,0.0208333,0.011811,0.0,0.011976,0.0099751
Little Cormorant,0.3517241,0.4817276,0.5078864,0.4367246,0.4444444,0.4772727,0.3948498,0.3988095,0.4173228,0.3346154,0.3772455,0.3366584
Great Cormorant,0.0034483,0.0099668,0.0063091,0.0099256,0.0253968,0.0492424,0.0343348,0.014881,0.003937,0.0307692,0.0179641,0.0099751
Indian Cormorant,0.0,0.0033223,0.0,0.0024814,0.0031746,0.0,0.0042918,0.0,0.003937,0.0,0.002994,0.0
cormorant sp.,0.0034483,0.0,0.0,0.0024814,0.0,0.0,0.0128755,0.0089286,0.019685,0.0038462,0.0,0.0024938
Glossy Ibis,0.0,0.0033223,0.0,0.0,0.0,0.0037879,0.0042918,0.0,0.003937,0.0,0.011976,0.0
Black-headed Ibis,0.0,0.0066445,0.0015,0.0049628,0.0063492,0.0113636,0.0,0.0059524,0.011811,0.0,0.005988,0.0099751
Black Bittern,0.0172414,0.0099668,0.0157729,0.0074442,0.0,0.0,0.0,0.0059524,0.0,0.0,0.0,0.0
Cinnamon Bittern,0.0068966,0.0166113,0.0031546,0.0074442,0.0031746,0.0037879,0.0042918,0.0029762,0.015748,0.0115385,0.005988,0.0015
Yellow Bittern,0.0413793,0.0697674,0.0315457,0.0297767,0.015873,0.0227273,0.0085837,0.0208333,0.0314961,0.0230769,0.0209581,0.0224439
small bittern sp.,0.0,0.0,0.0,0.0,0.0,0.0,0.0,0.0,0.0,0.0,0.0,0.0
Black-crowned Night Heron,0.0896552,0.0963455,0.0883281,0.0967742,0.0888889,0.0871212,0.0686695,0.0357143,0.0511811,0.0192308,0.0329341,0.0224439
Little Egret,0.1172414,0.166113,0.170347,0.1985112,0.1714286,0.1893939,0.1459227,0.1636905,0.2165354,0.1769231,0.1766467,0.1870324
Striated Heron,0.0655172,0.076412,0.0599369,0.0645161,0.0539683,0.0530303,0.0214592,0.0416667,0.0787402,0.0384615,0.0419162,0.0349127
Indian Pond-Heron,0.2758621,0.3820598,0.3974763,0.3176179,0.3142857,0.405303,0.3390558,0.3303571,0.3700787,0.3461538,0.3592814,0.4064838
pond-heron sp.,0.0586207,0.0531561,0.0504732,0.0496278,0.0412698,0.0454545,0.0429185,0.0178571,0.019685,0.0153846,0.0209581,0.0
Eastern Cattle-Egret,0.0965517,0.2126246,0.1419558,0.1588089,0.1301587,0.2083333,0.1716738,0.1934524,0.2125984,0.2115385,0.2215569,0.2169576
Great Egret,0.0344828,0.0531561,0.0504732,0.0620347,0.0761905,0.0757576,0.0600858,0.0892857,0.1102362,0.0846154,0.1257485,0.0997506
Medium Egret,0.0206897,0.0564784,0.0347003,0.0322581,0.0380952,0.0416667,0.0386266,0.0505952,0.0433071,0.0346154,0.0449102,0.032419
Gray Heron,0.0034483,0.0166113,0.0378549,0.0694789,0.0761905,0.0871212,0.055794,0.0744048,0.0866142,0.0769231,0.0988024,0.0598504
Purple Heron,0.0068966,0.013289,0.0031546,0.0074442,0.0031746,0.0189394,0.0085837,0.0119048,0.011811,0.0115385,0.005988,0.0024938
Goliath Heron,0.0,0.0,0.0,0.0,0.0,0.0,0.0,0.0,0.0,0.0,0.0015,0.0
heron sp.,0.0068966,0.0,0.0,0.0,0.0,0.0,0.0,0.0029762,0.003937,0.0,0.0015,0.0
white egret sp.,0.0034483,0.0099668,0.0126183,0.0099256,0.0,0.0151515,0.0085837,0.0059524,0.003937,0.0076923,0.005988,0.0049875
Great White Pelican,0.0,0.0,0.0,0.0,0.0,0.0,0.0,0.0,0.003937,0.0,0.0,0.0
Osprey,0.0103448,0.0099668,0.0189274,0.0198511,0.0190476,0.0227273,0.0171674,0.0208333,0.0354331,0.0153846,0.0359281,0.0199501
Black-winged Kite,0.0413793,0.0564784,0.0820189,0.0545906,0.0571429,0.0530303,0.0214592,0.0357143,0.0314961,0.0269231,0.0508982,0.0274314
Jerdon's Baza,0.0,0.0,0.0,0.0,0.0,0.0,0.0,0.0029762,0.0,0.0,0.0,0.0
Black Baza,0.0,0.0,0.0,0.0,0.0,0.0,0.0,0.0,0.0,0.0038462,0.0,0.0
Oriental Honey-buzzard,0.0172414,0.0232558,0.0410095,0.0297767,0.031746,0.0568182,0.0343348,0.0416667,0.019685,0.0230769,0.0269461,0.0099751
Himalayan Griffon,0.0,0.0,0.0,0.0,0.0,0.0,0.0,0.0,0.0015,0.0,0.0,0.0049875
White-rumped Vulture,0.0,0.0,0.0,0.0,0.0,0.0,0.0,0.0,0.0,0.0,0.0,0.0
Gyps sp.,0.0,0.0,0.0,0.0,0.0,0.0,0.0,0.0,0.0,0.0038462,0.0,0.0
Crested Serpent-Eagle,0.0137931,0.0033223,0.0063091,0.0124069,0.0126984,0.0037879,0.0042918,0.0059524,0.011811,0.0115385,0.011976,0.0174564
Short-toed Snake-Eagle,0.0,0.0,0.0,0.0,0.0,0.0,0.0015,0.0,0.0,0.0015,0.0,0.0
Changeable Hawk-Eagle,0.0034483,0.0033223,0.0063091,0.0,0.0095238,0.0,0.0,0.0029762,0.0,0.0038462,0.002994,0.0024938
Black Eagle,0.0,0.0,0.0,0.0,0.0,0.0,0.0,0.0,0.0,0.0,0.0,0.0
Indian Spotted Eagle,0.0034483,0.0066445,0.0063091,0.0124069,0.0063492,0.0037879,0.0042918,0.0029762,0.011811,0.0038462,0.002994,0.0024938
Greater Spotted Eagle,0.0,0.0033223,0.0031546,0.0,0.0095238,0.0,0.0,0.0029762,0.015748,0.0038462,0.005988,0.0074813
Indian/Greater Spotted Eagle,0.0,0.0,0.0,0.0,0.0,0.0,0.0,0.0,0.0,0.0038462,0.0,0.0
Booted Eagle,0.0,0.0033223,0.0126183,0.0074442,0.0095238,0.0037879,0.0,0.0059524,0.011811,0.0076923,0.0149701,0.0124688
Steppe Eagle,0.0,0.0,0.0031546,0.0,0.0,0.0,0.0,0.0,0.0,0.0,0.0,0.0
Imperial Eagle,0.0,0.0,0.0,0.0,0.0,0.0,0.0,0.0,0.0,0.0,0.0015,0.0
Crested Goshawk,0.0,0.0,0.0,0.0,0.0,0.0,0.0,0.0,0.0,0.0,0.0,0.0
Shikra,0.0344828,0.0365449,0.0378549,0.0322581,0.047619,0.0492424,0.0300429,0.0238095,0.019685,0.0153846,0.0299401,0.0274314
Eurasian Goshawk,0.0,0.0,0.0,0.0015,0.0,0.0,0.0,0.0,0.0,0.0,0.0,0.0
Western Marsh Harrier,0.0034483,0.0,0.0,0.0,0.0,0.0151515,0.0042918,0.0178571,0.011811,0.0,0.0,0.0024938
Eastern Marsh Harrier,0.0,0.0033223,0.0,0.0024814,0.0095238,0.0075758,0.0042918,0.0059524,0.003937,0.0,0.0149701,0.0049875
Western/Eastern Marsh Harrier,0.0,0.0,0.0031546,0.0,0.0,0.0,0.0,0.0,0.0,0.0,0.0,0.0
Hen Harrier,0.0,0.0,0.0,0.0,0.0,0.0,0.0042918,0.0029762,0.0,0.0,0.002994,0.0
Pied Harrier,0.0034483,0.0099668,0.0031546,0.0024814,0.0,0.0037879,0.0,0.0029762,0.007874,0.0038462,0.008982,0.0049875
Montagu's Harrier,0.0,0.0,0.0,0.0,0.0,0.0,0.0,0.0,0.0015,0.0,0.0,0.0
harrier sp.,0.0,0.0,0.0,0.0,0.0031746,0.0,0.0,0.014881,0.007874,0.0038462,0.005988,0.0049875
Black Kite,0.6689655,0.7275748,0.807571,0.7171216,0.6063492,0.7007576,0.6695279,0.6607143,0.7165354,0.6923077,0.6586826,0.6857855
Brahminy Kite,0.2448276,0.2890365,0.3154574,0.2952854,0.2571429,0.2386364,0.2703863,0.2529762,0.2795276,0.2230769,0.2125749,0.2518703
Pallas's Fish-Eagle,0.0,0.0,0.0,0.0015,0.0,0.0,0.0,0.0,0.0,0.0,0.0,0.0
Gray-headed Fish-Eagle,0.0034483,0.013289,0.0126183,0.0372208,0.031746,0.0265152,0.0300429,0.0446429,0.0354331,0.0423077,0.0299401,0.0249377
White-eyed Buzzard,0.0,0.0066445,0.0,0.0,0.0,0.0037879,0.0,0.0,0.003937,0.0115385,0.0,0.0
Common Buzzard,0.0,0.0,0.0,0.0,0.0,0.0,0.0,0.0,0.0,0.0,0.0,0.0
Long-legged Buzzard,0.0,0.0066445,0.0189274,0.0297767,0.031746,0.0568182,0.0257511,0.0386905,0.0354331,0.0269231,0.0299401,0.0249377
Eastern Buzzard,0.0,0.0,0.0,0.0,0.0,0.0113636,0.0,0.0029762,0.0,0.0,0.008982,0.0
Buteo/eagle sp.,0.0,0.0,0.0,0.0024814,0.0,0.0,0.0,0.0,0.003937,0.0,0.002994,0.0
hawk sp.,0.0,0.0,0.0,0.0,0.0,0.0,0.0,0.0,0.0,0.0,0.0,0.0
eagle sp.,0.0,0.0,0.0031546,0.0,0.0,0.0037879,0.0,0.0,0.0,0.0,0.002994,0.0024938
Eastern Barn Owl,0.0137931,0.0166113,0.0094637,0.0099256,0.0126984,0.0075758,0.0085837,0.0029762,0.011811,0.0015,0.0149701,0.0015
Oriental Bay-Owl,0.0,0.0,0.0,0.0024814,0.0,0.0,0.0,0.0,0.0,0.0,0.0,0.0
Indian Scops-Owl,0.0,0.0,0.0,0.0,0.0,0.0,0.0,0.0,0.0,0.0,0.0,0.0
Collared Scops-Owl,0.0068966,0.0,0.0094637,0.0074442,0.0063492,0.0075758,0.0171674,0.0208333,0.011811,0.0038462,0.0179641,0.0099751
Oriental Scops-Owl,0.0,0.0,0.0,0.0,0.0031746,0.0,0.0,0.0,0.0,0.0,0.0,0.0
Brown Fish-Owl,0.0,0.0033223,0.0015,0.0024814,0.0063492,0.0037879,0.0,0.0,0.0,0.0,0.0,0.0099751
Dusky Eagle-Owl,0.0,0.0,0.0,0.0,0.0015,0.0,0.0,0.0015,0.0,0.0,0.0015,0.0
Asian Barred Owlet,0.0,0.0033223,0.0,0.0,0.0,0.0,0.0,0.0,0.0,0.0115385,0.002994,0.0
Spotted Owlet,0.0448276,0.0598007,0.0473186,0.0471464,0.047619,0.030303,0.0429185,0.0625,0.0354331,0.05,0.0449102,0.032419
Brown Wood-Owl,0.0,0.0,0.0,0.0,0.0031746,0.0,0.0,0.0,0.0,0.0,0.0,0.0
Short-eared Owl,0.0,0.0,0.0,0.0,0.0,0.0,0.0042918,0.0029762,0.0,0.0,0.0,0.0024938
Brown Boobook,0.0034483,0.0199336,0.0126183,0.0124069,0.0285714,0.0113636,0.0085837,0.0119048,0.019685,0.0115385,0.0239521,0.0199501
owl sp.,0.0,0.0,0.0,0.0,0.0,0.0,0.0,0.0029762,0.0,0.0038462,0.0,0.0024938
Eurasian Hoopoe,0.0172414,0.0531561,0.0410095,0.0496278,0.0412698,0.0643939,0.0472103,0.0357143,0.0433071,0.0923077,0.0868263,0.0673317
Oriental Pied-Hornbill,0.0,0.0,0.0,0.0,0.0,0.0,0.0,0.0,0.0,0.0,0.0,0.0
Blue-bearded Bee-eater,0.0,0.0,0.0,0.0,0.0,0.0,0.0,0.0,0.0015,0.0038462,0.0,0.0
Asian Green Bee-eater,0.037931,0.1594684,0.3028391,0.2531017,0.215873,0.2348485,0.2017167,0.2321429,0.2362205,0.2269231,0.2335329,0.1845387
Blue-tailed Bee-eater,0.0206897,0.0332226,0.0031546,0.0049628,0.0,0.0,0.0,0.0015,0.0,0.0,0.0,0.0049875
Chestnut-headed Bee-eater,0.0,0.0066445,0.0031546,0.0024814,0.0031746,0.0,0.0,0.0,0.0,0.0,0.0,0.0049875
bee-eater sp.,0.0,0.0,0.0,0.0,0.0031746,0.0037879,0.0,0.0,0.0,0.0,0.0,0.0
Common Kingfisher,0.1448276,0.2093023,0.2271293,0.1935484,0.2634921,0.25,0.2360515,0.2589286,0.2755906,0.2538462,0.248503,0.2418953
Blue-eared Kingfisher,0.0,0.0033223,0.0,0.0,0.0031746,0.0,0.0,0.0015,0.0015,0.0,0.002994,0.0
Black-backed Dwarf-Kingfisher,0.0,0.0,0.0,0.0,0.0,0.0,0.0,0.0,0.0,0.0,0.0,0.0
Brown-winged Kingfisher,0.0,0.0,0.0,0.0,0.0,0.0,0.0,0.0,0.0,0.0,0.0,0.0
Stork-billed Kingfisher,0.0413793,0.0332226,0.0504732,0.0595533,0.0507937,0.030303,0.0472103,0.047619,0.023622,0.0230769,0.0329341,0.0374065
White-throated Kingfisher,0.2344828,0.345515,0.3564669,0.3498759,0.352381,0.375,0.4034335,0.375,0.3740157,0.3538462,0.3832335,0.3640898
Black-capped Kingfisher,0.0,0.0,0.0,0.0,0.0,0.0,0.0,0.0,0.0,0.0,0.0,0.0
Collared Kingfisher,0.0034483,0.0,0.0,0.0,0.0,0.0,0.0,0.0,0.0,0.0,0.0,0.0
Pied Kingfisher,0.0448276,0.0730897,0.0473186,0.0744417,0.0666667,0.1060606,0.0901288,0.0922619,0.1062992,0.1,0.0988024,0.084788
Indian Roller,0.0,0.0,0.0,0.0,0.0,0.0,0.0,0.0,0.0,0.0,0.0,0.0
Indochinese Roller,0.0,0.0066445,0.0,0.0,0.0,0.0,0.0,0.0,0.0,0.0,0.0,0.0
Indian x Indochinese Roller (hybrid),0.0,0.0066445,0.0126183,0.0173697,0.0095238,0.0265152,0.0042918,0.0029762,0.011811,0.0115385,0.005988,0.0099751
Indian/Indochinese Roller,0.0103448,0.0099668,0.0126183,0.0124069,0.0095238,0.0340909,0.0171674,0.014881,0.015748,0.0230769,0.005988,0.0
Dollarbird,0.0,0.0,0.0063091,0.0074442,0.0031746,0.0,0.0,0.0,0.0,0.0,0.0,0.0
Coppersmith Barbet,0.0931034,0.179402,0.1230284,0.1290323,0.0634921,0.1060606,0.1201717,0.0982143,0.0787402,0.0461538,0.0658683,0.0598504
Blue-eared Barbet,0.0,0.0,0.0,0.0,0.0,0.0,0.0,0.0,0.0,0.0,0.0,0.0
Lineated Barbet,0.1724138,0.192691,0.1987382,0.1985112,0.1650794,0.1969697,0.2532189,0.2053571,0.1811024,0.1307692,0.1976048,0.1795511
Blue-throated Barbet,0.0,0.0166113,0.022082,0.0024814,0.0095238,0.0227273,0.0085837,0.0178571,0.015748,0.0115385,0.002994,0.0074813
Psilopogon sp.,0.0,0.0,0.0031546,0.0,0.0,0.0,0.0,0.0,0.0,0.0,0.0,0.0
asian barbet sp.,0.0,0.0,0.0,0.0,0.0,0.0,0.0,0.0,0.0,0.0,0.0,0.0
Eurasian Wryneck,0.0137931,0.0465116,0.022082,0.0297767,0.0222222,0.030303,0.0171674,0.0416667,0.0275591,0.0615385,0.0479042,0.074813
White-browed Piculet,0.0,0.0,0.0,0.0,0.0,0.0,0.0,0.0,0.0,0.0,0.0,0.0
Gray-capped Pygmy Woodpecker,0.0,0.0,0.0,0.0,0.0031746,0.0,0.0,0.0015,0.0,0.0,0.0,0.0
Fulvous-breasted Woodpecker,0.1275862,0.179402,0.1861199,0.1588089,0.1396825,0.1325758,0.1287554,0.1458333,0.1377953,0.1307692,0.1167665,0.1496259
Greater Flameback,0.0034483,0.0033223,0.0,0.0024814,0.0015,0.0,0.0042918,0.0059524,0.003937,0.0115385,0.0,0.0
Rufous Woodpecker,0.0034483,0.0265781,0.0157729,0.0223325,0.0031746,0.0227273,0.0300429,0.0208333,0.007874,0.0230769,0.0209581,0.0124688
Common Flameback,0.0,0.0,0.0,0.0024814,0.0,0.0,0.0,0.0,0.0,0.0,0.0,0.0
Black-rumped Flameback,0.262069,0.3787375,0.3312303,0.3424318,0.3301587,0.2954545,0.3261803,0.3125,0.2834646,0.2538462,0.257485,0.2369077
flameback sp.,0.0,0.0,0.0015,0.0,0.0,0.0,0.0,0.0,0.0,0.0,0.0,0.0
Lesser Yellownape,0.0,0.0033223,0.0,0.0,0.0,0.0037879,0.0,0.0,0.0015,0.0,0.0,0.0
Streak-throated Woodpecker,0.0103448,0.013289,0.0283912,0.0024814,0.0190476,0.0189394,0.0042918,0.014881,0.015748,0.0307692,0.0269461,0.0224439
Streak-breasted Woodpecker,0.0,0.0,0.0,0.0,0.0,0.0,0.0,0.0,0.0,0.0,0.0,0.0
Gray-headed Woodpecker,0.0,0.0,0.0,0.0,0.0,0.0,0.0,0.0,0.0,0.0,0.0,0.0
Greater Yellownape,0.0,0.0,0.0,0.0,0.0,0.0,0.0,0.0,0.0,0.0,0.0,0.0
woodpecker sp.,0.0034483,0.0033223,0.0,0.0,0.0031746,0.0,0.0042918,0.0,0.0015,0.0,0.0,0.0024938
Collared Falconet,0.0,0.0,0.0,0.0,0.0,0.0,0.0,0.0,0.0,0.0,0.0,0.0
Eurasian Kestrel,0.0241379,0.0431894,0.0504732,0.0769231,0.0952381,0.0909091,0.0600858,0.0446429,0.0433071,0.0730769,0.0658683,0.0448878
Red-necked Falcon,0.0241379,0.013289,0.0157729,0.0148883,0.0126984,0.0189394,0.0300429,0.0267857,0.0275591,0.0,0.0149701,0.0049875
Amur Falcon,0.0,0.013289,0.0094637,0.0024814,0.0063492,0.0,0.0085837,0.0,0.007874,0.0,0.002994,0.0
Eurasian Hobby,0.0172414,0.013289,0.0094637,0.0074442,0.0063492,0.0075758,0.0042918,0.0029762,0.0,0.0038462,0.0,0.0
Saker Falcon,0.0,0.0,0.0,0.0,0.0,0.0,0.0,0.0,0.0,0.0,0.0,0.0
Peregrine Falcon,0.0137931,0.0099668,0.0378549,0.0397022,0.047619,0.0454545,0.0386266,0.0178571,0.0511811,0.0115385,0.0239521,0.0224439
falcon sp.,0.0034483,0.0166113,0.0063091,0.0099256,0.0063492,0.0,0.0085837,0.0089286,0.007874,0.0,0.0,0.0074813
diurnal raptor sp.,0.0068966,0.0033223,0.0,0.0074442,0.0,0.0,0.0,0.0,0.0,0.0,0.0,0.0
Alexandrine Parakeet,0.0413793,0.0431894,0.0315457,0.044665,0.0222222,0.0265152,0.0257511,0.0238095,0.007874,0.0076923,0.008982,0.0099751
Rose-ringed Parakeet,0.4275862,0.4684385,0.4952681,0.471464,0.3873016,0.4015152,0.4806867,0.3869048,0.3976378,0.3538462,0.4071856,0.361596
Plum-headed Parakeet,0.0103448,0.0033223,0.0031546,0.0024814,0.0031746,0.0075758,0.0042918,0.0119048,0.0,0.0076923,0.0,0.0024938
Blossom-headed Parakeet,0.0,0.0,0.0,0.0,0.0,0.0,0.0,0.0,0.0,0.0,0.0,0.0024938
Red-breasted Parakeet,0.0103448,0.0199336,0.0157729,0.0248139,0.0063492,0.0151515,0.0472103,0.0238095,0.019685,0.0192308,0.011976,0.0024938
Vernal Hanging-Parrot,0.0,0.0,0.0,0.0,0.0,0.0,0.0,0.0,0.0,0.0,0.0,0.0
parakeet sp.,0.0,0.0033223,0.0,0.0,0.0031746,0.0113636,0.0,0.0,0.0,0.0,0.0,0.0
parrot sp.,0.0,0.0,0.0,0.0,0.0,0.0,0.0,0.0,0.0,0.0,0.0,0.0
Gray-lored Broadbill,0.0,0.0,0.0,0.0,0.0,0.0,0.0,0.0,0.0,0.0,0.0,0.0
Blue-naped Pitta,0.0,0.0,0.0,0.0,0.0,0.0,0.0,0.0,0.0015,0.0038462,0.002994,0.0
Indian Pitta,0.0,0.0,0.0,0.0,0.0,0.0,0.0,0.0,0.0,0.0,0.0,0.0
Western Hooded Pitta,0.0,0.0,0.0,0.0,0.0,0.0,0.0,0.0,0.0,0.0,0.0,0.0
Small Minivet,0.0015,0.013289,0.0157729,0.0124069,0.0222222,0.0075758,0.0257511,0.0238095,0.0275591,0.0230769,0.002994,0.0099751
Scarlet Minivet,0.0,0.0,0.0,0.0,0.0,0.0,0.0042918,0.0029762,0.003937,0.0076923,0.0,0.0
Ashy Minivet,0.0,0.0,0.0,0.0,0.0,0.0,0.0,0.0,0.003937,0.0,0.0,0.0
Brown-rumped Minivet,0.0,0.0,0.0,0.0,0.0,0.0,0.0,0.0,0.0,0.0,0.0,0.0
Rosy Minivet,0.0,0.0,0.0,0.0024814,0.0031746,0.0075758,0.0,0.0,0.0,0.0,0.0,0.0
minivet sp.,0.0,0.0,0.0,0.0024814,0.0,0.0,0.0,0.0029762,0.0,0.0,0.0,0.0
Indian Cuckooshrike,0.0,0.0,0.0,0.0,0.0,0.0,0.0085837,0.0059524,0.0,0.0,0.0,0.0
Oriental Cuckooshrike,0.0241379,0.0232558,0.0063091,0.0198511,0.0222222,0.0265152,0.0085837,0.0059524,0.023622,0.0269231,0.0209581,0.0099751
Black-winged Cuckooshrike,0.0034483,0.0,0.0,0.0,0.0031746,0.0037879,0.0085837,0.0,0.007874,0.0038462,0.002994,0.0049875
Black-headed Cuckooshrike,0.0068966,0.0166113,0.0252366,0.0099256,0.0063492,0.0037879,0.0085837,0.0178571,0.003937,0.0038462,0.005988,0.0074813
Indian Golden Oriole,0.0068966,0.0033223,0.022082,0.0198511,0.0063492,0.0113636,0.0042918,0.0029762,0.0,0.0038462,0.0,0.0
Black-naped Oriole,0.0241379,0.0299003,0.0283912,0.0347395,0.0380952,0.0227273,0.0128755,0.0,0.011811,0.0,0.002994,0.0074813
Black-hooded Oriole,0.2482759,0.2990033,0.340694,0.3076923,0.2920635,0.3068182,0.3519313,0.3720238,0.3110236,0.3153846,0.3113772,0.2992519
old world oriole sp.,0.0,0.0099668,0.0,0.0,0.0,0.0,0.0,0.0,0.0,0.0,0.0,0.0
Ashy Woodswallow,0.0275862,0.0431894,0.0410095,0.044665,0.0380952,0.0265152,0.0300429,0.0267857,0.019685,0.0692308,0.0449102,0.0374065
Large Woodshrike,0.0,0.0,0.0,0.0,0.0,0.0,0.0,0.0,0.0,0.0,0.0,0.0
Common Woodshrike,0.0034483,0.0099668,0.0126183,0.0,0.0031746,0.0075758,0.0042918,0.0015,0.0,0.0038462,0.011976,0.0
Bar-winged Flycatcher-shrike,0.0034483,0.0,0.0,0.0,0.0,0.0,0.0,0.0,0.0,0.0,0.002994,0.0
Common Iora,0.0551724,0.0863787,0.0946372,0.0843672,0.1015873,0.1098485,0.1287554,0.1428571,0.0944882,0.1038462,0.1047904,0.0822943
White-throated Fantail,0.0,0.0265781,0.0189274,0.0099256,0.0285714,0.030303,0.0429185,0.0386905,0.007874,0.0230769,0.0149701,0.0374065
Black Drongo,0.3931034,0.4750831,0.4637224,0.4987593,0.4857143,0.5227273,0.5107296,0.452381,0.3976378,0.4307692,0.4760479,0.4663342
Ashy Drongo,0.0,0.0066445,0.0378549,0.0223325,0.0539683,0.0454545,0.0386266,0.0357143,0.0393701,0.0461538,0.0389222,0.0274314
Bronzed Drongo,0.0034483,0.013289,0.0126183,0.0124069,0.0253968,0.0189394,0.0343348,0.0297619,0.0275591,0.0346154,0.0508982,0.0124688
Lesser Racket-tailed Drongo,0.0,0.0,0.0,0.0049628,0.0031746,0.0037879,0.0,0.0029762,0.003937,0.0076923,0.0149701,0.0049875
Hair-crested Drongo,0.0034483,0.0015,0.0031546,0.0148883,0.0380952,0.0151515,0.0128755,0.0327381,0.011811,0.0269231,0.011976,0.0124688
Greater Racket-tailed Drongo,0.0,0.0,0.0,0.0,0.0,0.0,0.0,0.0,0.0,0.0,0.002994,0.0
drongo sp.,0.0,0.0,0.0,0.0024814,0.0031746,0.0,0.0,0.0029762,0.0,0.0,0.0,0.0024938
Black-naped Monarch,0.0034483,0.013289,0.0063091,0.0049628,0.0095238,0.0265152,0.0300429,0.0357143,0.007874,0.0384615,0.011976,0.0124688
Indian Paradise-Flycatcher,0.0034483,0.0066445,0.0,0.0,0.0,0.0,0.0,0.0,0.0,0.0,0.0,0.0
Amur/Blyth's/Indian Paradise-Flycatcher,0.0,0.0,0.0,0.0,0.0,0.0,0.0,0.0,0.0,0.0,0.0,0.0
Isabelline Shrike,0.0,0.0,0.0,0.0,0.0,0.0,0.0,0.0,0.0,0.0,0.0,0.0
Brown Shrike,0.162069,0.2458472,0.2397476,0.1513648,0.2063492,0.1818182,0.1459227,0.139881,0.1496063,0.1461538,0.1437126,0.1895262
Burmese Shrike,0.0,0.0033223,0.0,0.0,0.0031746,0.0015,0.0,0.0,0.0,0.0038462,0.005988,0.0049875
Bay-backed Shrike,0.0,0.0033223,0.0063091,0.0,0.0031746,0.0015,0.0042918,0.0,0.0,0.0115385,0.008982,0.0124688
Long-tailed Shrike,0.1310345,0.2126246,0.2429022,0.1836228,0.1936508,0.2386364,0.1630901,0.202381,0.2401575,0.2269231,0.242515,0.2319202
Gray-backed Shrike,0.0103448,0.0099668,0.0189274,0.0124069,0.015873,0.0189394,0.0128755,0.0089286,0.023622,0.0192308,0.0389222,0.0299252
shrike sp.,0.0034483,0.0,0.0,0.0,0.0,0.0,0.0,0.0015,0.003937,0.0,0.0,0.0024938
Common Green-Magpie,0.0,0.0066445,0.0,0.0,0.0,0.0,0.0042918,0.0,0.0,0.0115385,0.0,0.0
Rufous Treepie,0.1344828,0.1627907,0.2082019,0.1612903,0.1936508,0.1893939,0.2317597,0.1815476,0.1614173,0.1923077,0.1676647,0.1296758
Gray Treepie,0.0034483,0.0033223,0.0,0.0,0.0,0.0,0.0,0.0,0.003937,0.0038462,0.0,0.0
House Crow,0.7137931,0.7142857,0.7476341,0.6923077,0.6222222,0.6628788,0.6309013,0.6309524,0.6653543,0.5923077,0.6197605,0.6134663
Large-billed Crow,0.4206897,0.4750831,0.4542587,0.5086849,0.3460317,0.4469697,0.472103,0.4494048,0.4448819,0.3923077,0.3682635,0.4064838
crow sp.,0.0,0.0,0.0031546,0.0,0.0,0.0,0.0,0.0,0.0,0.0,0.002994,0.0
Gray-headed Canary-Flycatcher,0.0,0.0,0.0031546,0.0074442,0.031746,0.0454545,0.0300429,0.0327381,0.019685,0.0461538,0.0299401,0.0199501
Asian Tit,0.0758621,0.10299,0.1451104,0.0992556,0.1111111,0.1439394,0.1158798,0.125,0.1102362,0.0961538,0.1167665,0.117207
Ashy-crowned Sparrow-Lark,0.0,0.0,0.0,0.0124069,0.0031746,0.0,0.0,0.0,0.0,0.0038462,0.0,0.0024938
Bengal Bushlark,0.037931,0.0631229,0.1009464,0.0818859,0.0888889,0.0909091,0.0515021,0.0684524,0.0629921,0.0807692,0.0628743,0.042394
Oriental Skylark,0.0,0.0,0.0063091,0.0124069,0.0126984,0.0189394,0.0128755,0.0178571,0.019685,0.0076923,0.0269461,0.0099751
Hume's Lark,0.0,0.0,0.0031546,0.0074442,0.0031746,0.0037879,0.0,0.0,0.0,0.0038462,0.0,0.0
Mongolian Short-toed Lark,0.0,0.0033223,0.0,0.0,0.0,0.0,0.0,0.0,0.0,0.0,0.0,0.0
Hume's Lark/Mongolian Short-toed Lark,0.0,0.0,0.0,0.0,0.0,0.0,0.0,0.0,0.0,0.0,0.0,0.0
Sand Lark,0.0,0.0033223,0.0126183,0.0297767,0.0126984,0.030303,0.0085837,0.014881,0.015748,0.0115385,0.0179641,0.0074813
lark sp.,0.0,0.0,0.0,0.0,0.0,0.0,0.0,0.0,0.003937,0.0,0.0,0.0
Common Tailorbird,0.4241379,0.4651163,0.4416404,0.4019851,0.3904762,0.405303,0.4377682,0.422619,0.3661417,0.3576923,0.3952096,0.3516209
Dark-necked Tailorbird,0.0,0.0,0.0,0.0,0.0,0.0,0.0,0.0,0.0,0.0,0.0,0.0
Gray-breasted Prinia,0.0068966,0.013289,0.0126183,0.0148883,0.0126984,0.0189394,0.0128755,0.0267857,0.015748,0.0230769,0.0239521,0.0074813
Delicate Prinia,0.0275862,0.0265781,0.0473186,0.044665,0.0603175,0.0719697,0.0472103,0.0565476,0.0551181,0.0615385,0.0658683,0.042394
Yellow-bellied Prinia,0.0,0.0,0.0,0.0,0.0,0.0,0.0,0.0,0.0,0.0,0.0,0.0
Plain Prinia,0.0758621,0.0996678,0.0977918,0.0843672,0.1079365,0.1098485,0.0643777,0.0982143,0.1614173,0.0961538,0.1287425,0.1147132
prinia sp.,0.0,0.0,0.0,0.0,0.0,0.0,0.0,0.0,0.0,0.0,0.0,0.0
Zitting Cisticola,0.0896552,0.1162791,0.1167192,0.1191067,0.1079365,0.0984848,0.0686695,0.1041667,0.1062992,0.1038462,0.0898204,0.0997506
Thick-billed Warbler,0.0241379,0.0166113,0.0347003,0.0272953,0.0412698,0.0416667,0.0343348,0.0327381,0.0511811,0.0461538,0.0359281,0.0374065
Booted Warbler,0.0,0.0,0.0,0.0,0.0,0.0,0.0,0.014881,0.015748,0.0115385,0.008982,0.0124688
Iduna sp.,0.0,0.0,0.0,0.0,0.0,0.0,0.0,0.0,0.0,0.0,0.002994,0.0
Black-browed Reed Warbler,0.0,0.0,0.0,0.0,0.0,0.0,0.0,0.0029762,0.007874,0.0,0.008982,0.0
Paddyfield Warbler,0.0,0.0033223,0.0031546,0.0024814,0.0190476,0.0113636,0.0085837,0.0208333,0.0472441,0.0269231,0.0628743,0.032419
Blyth's Reed Warbler,0.0206897,0.0265781,0.0504732,0.0322581,0.0698413,0.0833333,0.0772532,0.110119,0.0787402,0.0653846,0.0658683,0.0648379
Paddyfield/Blyth's Reed Warbler,0.0,0.0,0.0,0.0,0.0,0.0,0.0,0.0,0.0,0.0,0.0,0.0
Clamorous Reed Warbler,0.0103448,0.013289,0.022082,0.0223325,0.0349206,0.0530303,0.0472103,0.0565476,0.0708661,0.0576923,0.0598802,0.042394
Acrocephalus sp.,0.0034483,0.0066445,0.0094637,0.0024814,0.0063492,0.0,0.0042918,0.0029762,0.0,0.0,0.005988,0.0
Iduna/Hippolais/Acrocephalus sp.,0.0,0.0,0.0,0.0,0.0,0.0,0.0,0.0,0.003937,0.0,0.0,0.0
Pallas's Grasshopper Warbler,0.0,0.0,0.0,0.0,0.0,0.0075758,0.0085837,0.0029762,0.019685,0.0076923,0.005988,0.0024938
Lanceolated Warbler,0.0,0.0,0.0,0.0,0.0,0.0,0.0,0.0,0.0,0.0,0.0,0.0
Common Grasshopper Warbler,0.0,0.0,0.0,0.0,0.0,0.0,0.0,0.0,0.0,0.0,0.0,0.0
Baikal Bush Warbler,0.0,0.0,0.0,0.0,0.0,0.0075758,0.0,0.0059524,0.011811,0.0076923,0.002994,0.0
West Himalayan Bush Warbler,0.0,0.0,0.0,0.0,0.0,0.0,0.0,0.0,0.0,0.0,0.0,0.0
Spotted Bush Warbler,0.0,0.0,0.0,0.0,0.0,0.0,0.0,0.0059524,0.0,0.0,0.002994,0.0
Baikal/Spotted Bush Warbler,0.0,0.0,0.0,0.0,0.0,0.0037879,0.0,0.0,0.0,0.0,0.005988,0.0
Locustella sp.,0.0,0.0,0.0,0.0,0.0,0.0,0.0,0.0,0.0,0.0,0.0,0.0
Helopsaltes/Locustella sp.,0.0,0.0,0.0,0.0,0.0,0.0,0.0,0.0029762,0.0,0.0,0.0,0.0
Bristled Grassbird,0.0,0.0,0.0,0.0,0.0,0.0,0.0,0.0,0.0,0.0,0.0,0.0
Striated Grassbird,0.0586207,0.0664452,0.0914826,0.0967742,0.0857143,0.1136364,0.0729614,0.0952381,0.1220472,0.1076923,0.1257485,0.1047382
Gray-throated Martin,0.0034483,0.0232558,0.0189274,0.0347395,0.015873,0.0416667,0.0257511,0.0267857,0.0551181,0.05,0.0419162,0.0274314
Bank Swallow,0.0,0.0066445,0.0094637,0.0148883,0.015873,0.0113636,0.0171674,0.0535714,0.0511811,0.0230769,0.0628743,0.042394
Pale Martin,0.0,0.0,0.0,0.0,0.0,0.0037879,0.0,0.0029762,0.003937,0.0,0.0,0.0
Barn Swallow,0.2862069,0.2990033,0.2712934,0.1687345,0.0952381,0.094697,0.1201717,0.1428571,0.2047244,0.2115385,0.242515,0.2369077
Eastern Red-rumped Swallow,0.1310345,0.1395349,0.1198738,0.0372208,0.0095238,0.0075758,0.0,0.0119048,0.019685,0.0192308,0.0538922,0.0199501
Streak-throated Swallow,0.0,0.0,0.0,0.0024814,0.0,0.0,0.0,0.0,0.0,0.0,0.011976,0.0049875
swallow sp.,0.0206897,0.0066445,0.0,0.0024814,0.0,0.0,0.0042918,0.0059524,0.0,0.0115385,0.002994,0.0074813
White-throated Bulbul,0.0,0.0,0.0,0.0,0.0,0.0,0.0,0.0,0.0,0.0,0.0,0.0
Cachar Bulbul,0.0,0.0,0.0,0.0,0.0,0.0,0.0,0.0,0.0,0.0,0.0,0.0
Ashy Bulbul,0.0,0.0,0.0,0.0,0.0,0.0,0.0,0.0,0.0,0.0,0.0,0.0
Black-headed Bulbul,0.0,0.0,0.0031546,0.0024814,0.0,0.0,0.0,0.0,0.0,0.0,0.0,0.0024938
Black-crested Bulbul,0.0,0.0033223,0.0,0.0,0.0031746,0.0,0.0042918,0.0,0.0015,0.0153846,0.002994,0.0
Red-whiskered Bulbul,0.0068966,0.0066445,0.0126183,0.0074442,0.015873,0.0113636,0.0214592,0.014881,0.011811,0.0192308,0.005988,0.0099751
Red-vented Bulbul,0.5103448,0.6644518,0.6466877,0.5880893,0.5174603,0.594697,0.5751073,0.5625,0.5393701,0.4846154,0.5538922,0.5486284
Yellow-browed Warbler,0.0172414,0.0166113,0.0757098,0.0818859,0.152381,0.1363636,0.1244635,0.0892857,0.0787402,0.0538462,0.0778443,0.0523691
Yellow-browed/Hume's Warbler,0.0,0.0,0.0031546,0.0,0.0031746,0.0,0.0,0.0,0.0,0.0,0.002994,0.0
Lemon-rumped Warbler,0.0,0.0,0.0,0.0,0.0,0.0,0.0,0.0,0.0015,0.0,0.0,0.0
Tickell's Leaf Warbler,0.0,0.0033223,0.0,0.0024814,0.0031746,0.0037879,0.0042918,0.0089286,0.007874,0.0038462,0.008982,0.0074813
Dusky Warbler,0.0310345,0.0664452,0.0662461,0.0769231,0.1015873,0.1136364,0.1030043,0.125,0.1220472,0.1,0.1437126,0.0922693
Common Chiffchaff,0.0,0.0,0.0,0.0,0.0,0.0113636,0.0042918,0.0015,0.015748,0.0269231,0.0359281,0.0074813
White-spectacled Warbler,0.0,0.0,0.0,0.0,0.0,0.0,0.0,0.0,0.0,0.0015,0.0,0.0
Green-crowned Warbler,0.0,0.0,0.0,0.0024814,0.0095238,0.0075758,0.0085837,0.014881,0.019685,0.0269231,0.011976,0.0074813
Whistler's Warbler,0.0,0.0,0.0,0.0,0.0,0.0,0.0,0.0059524,0.0015,0.0115385,0.002994,0.0
Phylloscopus sp. (Golden-spectacled Warbler complex),0.0,0.0,0.0,0.0,0.0,0.0,0.0,0.0,0.0,0.0,0.0,0.0
Green Warbler,0.0,0.0,0.0,0.0015,0.0,0.0,0.0,0.0,0.0,0.0,0.0,0.0
Greenish Warbler,0.0206897,0.0299003,0.0599369,0.0372208,0.0603175,0.0606061,0.0858369,0.0654762,0.0314961,0.0307692,0.0329341,0.0149626
Large-billed Leaf Warbler,0.0,0.0,0.0,0.0,0.0,0.0037879,0.0,0.0,0.003937,0.0038462,0.002994,0.0024938
Chestnut-crowned Warbler,0.0,0.0,0.0,0.0,0.0,0.0,0.0,0.0,0.0,0.0,0.0,0.0
Yellow-vented Warbler,0.0,0.0,0.0,0.0,0.0,0.0,0.0,0.0089286,0.0,0.0,0.0,0.0
Blyth's Leaf Warbler,0.0,0.0033223,0.0,0.0024814,0.0063492,0.0,0.0085837,0.0059524,0.003937,0.0153846,0.0015,0.0024938
Phylloscopus sp.,0.0,0.0066445,0.0063091,0.0074442,0.0,0.0075758,0.0042918,0.0059524,0.007874,0.0076923,0.005988,0.0074813
Gray-bellied Tesia,0.0,0.0,0.0,0.0,0.0,0.0,0.0,0.0,0.0015,0.0,0.0,0.0
Yellow-bellied Warbler,0.0,0.0,0.0,0.0,0.0,0.0,0.0,0.0,0.0,0.0,0.0,0.0
Lesser Whitethroat,0.0,0.0,0.0,0.0,0.0,0.0,0.0,0.0,0.0,0.0,0.0,0.0
Indian White-eye,0.0137931,0.0066445,0.0157729,0.0099256,0.0126984,0.0151515,0.0214592,0.0357143,0.0354331,0.0192308,0.008982,0.0149626
Pin-striped Tit-Babbler,0.0,0.0,0.0031546,0.0024814,0.0031746,0.0,0.0042918,0.0,0.0,0.0,0.0,0.0
Puff-throated Babbler,0.0,0.0066445,0.0,0.0024814,0.0,0.0037879,0.0042918,0.0,0.003937,0.0115385,0.0,0.0
Abbott's Babbler,0.0,0.0099668,0.0,0.0024814,0.0031746,0.0,0.0,0.0029762,0.007874,0.0115385,0.0,0.0024938
Brown-cheeked Fulvetta,0.0,0.0,0.0,0.0024814,0.0,0.0,0.0,0.0,0.0,0.0,0.0,0.0
Nepal Fulvetta,0.0,0.0,0.0,0.0,0.0,0.0,0.0,0.0,0.0,0.0,0.0,0.0
Jungle Babbler,0.1,0.1295681,0.1419558,0.133995,0.1650794,0.1287879,0.2017167,0.1815476,0.1377953,0.1692308,0.1377246,0.1321696
Striated Babbler,0.0172414,0.0199336,0.0283912,0.0397022,0.0380952,0.0606061,0.0343348,0.0416667,0.0708661,0.0384615,0.0419162,0.0224439
Lesser Necklaced Laughingthrush,0.0,0.0033223,0.0,0.0,0.0,0.0,0.0042918,0.0,0.0,0.0038462,0.002994,0.0
White-crested Laughingthrush,0.0,0.0,0.0,0.0,0.0,0.0,0.0,0.0,0.0,0.0,0.0,0.0
Rufous-necked Laughingthrush,0.0034483,0.0033223,0.0,0.0024814,0.0,0.0,0.0042918,0.0,0.0,0.0,0.008982,0.0
Greater Necklaced Laughingthrush,0.0034483,0.0033223,0.0,0.0,0.0,0.0,0.0042918,0.0,0.0,0.0076923,0.002994,0.0
Velvet-fronted Nuthatch,0.0,0.0,0.0,0.0,0.0031746,0.0,0.0,0.0,0.0,0.0,0.0,0.0
Asian Glossy Starling,0.0,0.0,0.0,0.0,0.0,0.0,0.0,0.0,0.0015,0.0,0.0,0.0
Common Hill Myna,0.0,0.0015,0.0,0.0,0.0,0.0,0.0,0.0,0.0,0.0038462,0.0,0.0024938
European Starling,0.0,0.0,0.0,0.0,0.0,0.0,0.0,0.0089286,0.003937,0.0076923,0.005988,0.0074813
Daurian Starling,0.0,0.0,0.0,0.0,0.0,0.0,0.0,0.0,0.0,0.0,0.0,0.0
Indian Pied Starling,0.5413793,0.6146179,0.6403785,0.6327543,0.5492063,0.5378788,0.5665236,0.5654762,0.484252,0.5153846,0.5508982,0.5486284
Brahminy Starling,0.0,0.0,0.0,0.0,0.0,0.0,0.0042918,0.0029762,0.0,0.0,0.002994,0.0024938
Chestnut-tailed Starling,0.2965517,0.3521595,0.3785489,0.3473945,0.3269841,0.3143939,0.4077253,0.3184524,0.2519685,0.3,0.2814371,0.3067332
Common Myna,0.5827586,0.6478405,0.6214511,0.573201,0.6,0.5795455,0.6223176,0.6190476,0.5393701,0.5538462,0.5658683,0.5610973
Bank Myna,0.0344828,0.0598007,0.0725552,0.0545906,0.0634921,0.0606061,0.055794,0.0922619,0.0748031,0.05,0.0838323,0.0773067
Jungle Myna,0.2965517,0.3953488,0.340694,0.3473945,0.3555556,0.3143939,0.4334764,0.3839286,0.3425197,0.3846154,0.3083832,0.3466334
Great Myna,0.0,0.0,0.0,0.0,0.0,0.0,0.0042918,0.0,0.0,0.0115385,0.008982,0.0
myna/starling sp.,0.0,0.0,0.0,0.0,0.0031746,0.0,0.0,0.0,0.0,0.0,0.0,0.0015
Dark-sided Thrush,0.0,0.0,0.0,0.0,0.0,0.0015,0.0,0.0,0.0,0.0,0.0,0.0
Scaly Thrush,0.0,0.0,0.0,0.0,0.0063492,0.0113636,0.0128755,0.0238095,0.007874,0.0115385,0.008982,0.0074813
Purple Cochoa,0.0,0.0,0.0,0.0,0.0015,0.0,0.0,0.0,0.0,0.0,0.0,0.0
Orange-headed Thrush,0.0275862,0.0863787,0.044164,0.0322581,0.0253968,0.0265152,0.0214592,0.0446429,0.0393701,0.0346154,0.008982,0.0199501
Tickell's Thrush,0.0,0.0,0.0031546,0.0099256,0.015873,0.0075758,0.0042918,0.0029762,0.011811,0.0038462,0.0,0.0099751
Black-breasted Thrush,0.0,0.0,0.0,0.0,0.0,0.0,0.0,0.0,0.0,0.0,0.0,0.0
Eyebrowed Thrush,0.0,0.0,0.0,0.0024814,0.0031746,0.0,0.0,0.0,0.0,0.0,0.0,0.0
White-collared Blackbird,0.0,0.0,0.0,0.0,0.0,0.0,0.0,0.0,0.0,0.0,0.0,0.0
Black-throated Thrush,0.0,0.0,0.0,0.0,0.0,0.0,0.0,0.0,0.0,0.0,0.0,0.0
Turdus sp.,0.0,0.0,0.0,0.0024814,0.0,0.0,0.0,0.0029762,0.0,0.0,0.0,0.0
Dark-sided Flycatcher,0.0,0.0033223,0.0,0.0049628,0.0031746,0.0037879,0.0,0.0,0.0,0.0,0.0,0.0
Asian Brown Flycatcher,0.0,0.0066445,0.0063091,0.0,0.0031746,0.0037879,0.0,0.0,0.0,0.0038462,0.0,0.0
Brown-breasted Flycatcher,0.0034483,0.0,0.0031546,0.0,0.0031746,0.0,0.0,0.0,0.0,0.0,0.0,0.0
Muscicapa sp.,0.0,0.0,0.0,0.0,0.0,0.0,0.0,0.0,0.0,0.0,0.0,0.0
Oriental Magpie-Robin,0.4862069,0.627907,0.615142,0.5806452,0.5365079,0.530303,0.5622318,0.5505952,0.476378,0.5,0.5239521,0.5586035
White-rumped Shama,0.0,0.0066445,0.0,0.0024814,0.0031746,0.0,0.0042918,0.0029762,0.003937,0.0038462,0.0,0.0
Small Niltava,0.0,0.0,0.0,0.0,0.0,0.0,0.0,0.0,0.003937,0.0,0.0,0.0
Rufous-bellied Niltava,0.0,0.0,0.0,0.0,0.0,0.0,0.0,0.0,0.003937,0.0,0.0,0.0
Verditer Flycatcher,0.0,0.0,0.0,0.0074442,0.015873,0.0265152,0.0128755,0.0119048,0.007874,0.0153846,0.0149701,0.0124688
Pale-chinned Flycatcher,0.0,0.0,0.0,0.0,0.0,0.0,0.0,0.0,0.0015,0.0038462,0.0,0.0
Pale Blue Flycatcher,0.0,0.0,0.0,0.0,0.0,0.0,0.0,0.0,0.0,0.0,0.0,0.0
Blue-throated Flycatcher,0.0,0.0033223,0.0031546,0.0,0.0095238,0.0,0.0042918,0.0089286,0.0015,0.0038462,0.0,0.0024938
Cyornis sp.,0.0,0.0,0.0,0.0,0.0,0.0,0.0,0.0029762,0.0,0.0,0.0,0.0
Lesser Shortwing,0.0,0.0,0.0,0.0,0.0,0.0,0.0,0.0,0.0,0.0076923,0.0,0.0
Indian Blue Robin,0.0,0.0,0.0,0.0,0.0,0.0,0.0,0.0,0.0,0.0,0.0,0.0
Siberian Blue Robin,0.0,0.0,0.0,0.0,0.0,0.0,0.0,0.0,0.0,0.0038462,0.0,0.0
Bluethroat,0.0,0.0,0.0,0.0024814,0.0,0.0075758,0.0171674,0.0208333,0.0393701,0.0269231,0.0479042,0.0199501
Blue Whistling-Thrush,0.0,0.0,0.0,0.0,0.0,0.0,0.0,0.0,0.0,0.0,0.0,0.0
Siberian Rubythroat,0.0,0.0,0.0063091,0.0074442,0.0222222,0.0265152,0.0128755,0.0238095,0.0433071,0.0307692,0.0449102,0.0523691
Chinese Rubythroat,0.0,0.0,0.0,0.0,0.0,0.0,0.0,0.0,0.003937,0.0153846,0.0269461,0.0049875
White-tailed Robin,0.0,0.0,0.0,0.0,0.0,0.0,0.0015,0.0,0.0015,0.0038462,0.0,0.0
Slaty-blue Flycatcher,0.0,0.0,0.0,0.0,0.0,0.0,0.0,0.0,0.0,0.0038462,0.0,0.0
Snowy-browed Flycatcher,0.0,0.0,0.0,0.0,0.0,0.0,0.0,0.0,0.0015,0.0038462,0.0,0.0
Rufous-gorgeted Flycatcher,0.0,0.0,0.0,0.0,0.0,0.0,0.0,0.0,0.0,0.0,0.0015,0.0
Little Pied Flycatcher,0.0,0.0,0.0,0.0,0.0031746,0.0,0.0,0.0089286,0.003937,0.0115385,0.0,0.0
Ultramarine Flycatcher,0.0,0.0,0.0,0.0,0.0,0.0,0.0,0.0,0.0,0.0,0.0,0.0
Taiga Flycatcher,0.1103448,0.1627907,0.2050473,0.1736973,0.2412698,0.2537879,0.2103004,0.1875,0.1377953,0.1653846,0.1826347,0.1670823
Red-breasted Flycatcher,0.0,0.0,0.0,0.0,0.0444444,0.0151515,0.0,0.0,0.0,0.0,0.0,0.0
Taiga/Red-breasted Flycatcher,0.0,0.0,0.0,0.0,0.0,0.0,0.0,0.0,0.0,0.0,0.0,0.0
Blue-fronted Redstart,0.0,0.0,0.0,0.0,0.0,0.0,0.0,0.0,0.0,0.0,0.0,0.0015
Black Redstart,0.0,0.0,0.0063091,0.0,0.0031746,0.0,0.0042918,0.0029762,0.003937,0.0038462,0.0,0.0074813
Blue-capped Rock-Thrush,0.0034483,0.0,0.0,0.0,0.0,0.0,0.0,0.0,0.0,0.0,0.0,0.0
Blue Rock-Thrush,0.0034483,0.0015,0.0,0.0,0.0031746,0.0037879,0.0,0.0,0.007874,0.0076923,0.0,0.0024938
Siberian Stonechat,0.0344828,0.0431894,0.0662461,0.057072,0.0507937,0.0681818,0.0686695,0.0565476,0.0669291,0.0923077,0.0778443,0.0673317
White-tailed Stonechat,0.0,0.0066445,0.0063091,0.0124069,0.0095238,0.0113636,0.0085837,0.0297619,0.023622,0.0,0.0149701,0.0049875
Pied Bushchat,0.0,0.0,0.0,0.0,0.0,0.0,0.0,0.0,0.007874,0.0076923,0.0,0.0124688
Yellow-vented Flowerpecker,0.0,0.0,0.0,0.0,0.0,0.0,0.0,0.0,0.0,0.0,0.0,0.0
Orange-bellied Flowerpecker,0.0,0.0,0.0,0.0,0.0,0.0,0.0,0.0,0.0,0.0,0.0,0.0
Pale-billed Flowerpecker,0.1137931,0.0996678,0.1072555,0.0843672,0.0984127,0.0871212,0.0815451,0.110119,0.0669291,0.0461538,0.0449102,0.0399002
Fire-breasted Flowerpecker,0.0,0.0,0.0,0.0,0.0,0.0,0.0,0.0,0.0,0.0,0.0,0.0
Scarlet-backed Flowerpecker,0.0,0.0033223,0.0,0.0,0.0031746,0.0,0.0042918,0.0,0.0015,0.0115385,0.0,0.0
flowerpecker sp.,0.0,0.0,0.0031546,0.0049628,0.0,0.0075758,0.0042918,0.0,0.0,0.0076923,0.0,0.0024938
Ruby-cheeked Sunbird,0.0,0.0066445,0.0063091,0.0049628,0.0031746,0.0,0.0,0.0,0.003937,0.0115385,0.0,0.0
Purple-rumped Sunbird,0.0965517,0.1295681,0.1041009,0.1141439,0.047619,0.0568182,0.1158798,0.1011905,0.0551181,0.0653846,0.0508982,0.0947631
Purple Sunbird,0.1517241,0.179402,0.1514196,0.133995,0.1333333,0.1325758,0.1587983,0.139881,0.1535433,0.1269231,0.1017964,0.127182
Crimson Sunbird,0.0,0.0,0.0,0.0,0.0031746,0.0037879,0.0,0.0,0.0,0.0,0.0,0.0
sunbird sp.,0.0068966,0.0066445,0.0063091,0.0099256,0.0,0.0113636,0.0085837,0.0029762,0.011811,0.0076923,0.005988,0.0024938
Little Spiderhunter,0.0,0.0,0.0,0.0024814,0.0,0.0,0.0042918,0.0089286,0.003937,0.0,0.002994,0.0
spiderhunter sp.,0.0,0.0,0.0,0.0,0.0,0.0037879,0.0,0.0,0.0,0.0,0.0,0.0
Blue-winged Leafbird,0.0,0.0,0.0,0.0,0.0,0.0,0.0,0.0,0.0,0.0,0.0,0.0
Golden-fronted Leafbird,0.0034483,0.0,0.0,0.0024814,0.0031746,0.0037879,0.0042918,0.0015,0.0,0.0,0.0,0.0
Streaked Weaver,0.0,0.0,0.0031546,0.0,0.0,0.0,0.0,0.0059524,0.0,0.0038462,0.002994,0.0024938
Baya Weaver,0.0482759,0.0564784,0.0694006,0.0421836,0.0603175,0.0530303,0.0472103,0.0625,0.0826772,0.0846154,0.0838323,0.0548628
Black-breasted Weaver,0.0,0.0,0.0,0.0099256,0.0031746,0.0,0.0085837,0.0178571,0.019685,0.0192308,0.0149701,0.0124688
Ploceus sp.,0.0,0.0,0.0,0.0,0.0,0.0,0.0,0.0029762,0.0,0.0,0.0,0.0
Indian Silverbill,0.1137931,0.1229236,0.148265,0.1315136,0.0825397,0.0984848,0.1072961,0.1011905,0.0866142,0.0576923,0.0748503,0.0822943
Scaly-breasted Munia,0.0758621,0.10299,0.1167192,0.0843672,0.0920635,0.125,0.0987124,0.1041667,0.1417323,0.0846154,0.1137725,0.0798005
White-rumped Munia,0.0068966,0.0066445,0.0126183,0.0148883,0.0031746,0.0037879,0.0042918,0.0238095,0.0,0.0038462,0.005988,0.0149626
Tricolored Munia,0.037931,0.0531561,0.044164,0.0173697,0.0285714,0.0340909,0.0171674,0.0119048,0.015748,0.0230769,0.0149701,0.0124688
Chestnut Munia,0.0896552,0.1196013,0.1388013,0.1091811,0.1269841,0.1287879,0.0643777,0.077381,0.0826772,0.0538462,0.0568862,0.0299252
Lonchura sp.,0.0,0.0,0.0,0.0,0.0,0.0,0.0,0.0,0.0,0.0038462,0.0,0.0
Red Avadavat,0.0206897,0.0365449,0.0473186,0.0595533,0.0507937,0.0530303,0.0085837,0.0386905,0.0354331,0.0346154,0.0239521,0.0174564
House Sparrow,0.6827586,0.6910299,0.7003155,0.6650124,0.552381,0.6022727,0.6309013,0.6011905,0.6259843,0.55,0.5269461,0.5735661
Eurasian Tree Sparrow,0.0068966,0.0033223,0.0063091,0.0,0.0,0.0113636,0.0015,0.0,0.003937,0.0,0.0,0.0
Passer sp.,0.0,0.0033223,0.0031546,0.0024814,0.0,0.0,0.0042918,0.0,0.0,0.0,0.0,0.0
Forest Wagtail,0.0,0.0066445,0.0015,0.0,0.0,0.0037879,0.0,0.0,0.0015,0.0,0.0,0.0
Gray Wagtail,0.0655172,0.0697674,0.0694006,0.0620347,0.0349206,0.0378788,0.0729614,0.0327381,0.0511811,0.0153846,0.0389222,0.0349127
Western Yellow Wagtail,0.0,0.0,0.0,0.0,0.0,0.0,0.0,0.0,0.0,0.0,0.0,0.0
Eastern Yellow Wagtail,0.0241379,0.0431894,0.0410095,0.0421836,0.0603175,0.0378788,0.0257511,0.0595238,0.0787402,0.0884615,0.0958084,0.0897756
Western/Eastern Yellow Wagtail,0.0137931,0.0166113,0.0157729,0.0173697,0.015873,0.0189394,0.0085837,0.0208333,0.0314961,0.0192308,0.0389222,0.0099751
Citrine Wagtail,0.037931,0.0697674,0.1009464,0.0918114,0.1015873,0.1060606,0.0944206,0.0982143,0.1338583,0.1269231,0.1556886,0.1097257
White-browed Wagtail,0.0448276,0.0531561,0.0630915,0.0471464,0.0539683,0.0265152,0.0515021,0.0505952,0.0275591,0.05,0.0239521,0.0349127
White Wagtail,0.2551724,0.3089701,0.4037855,0.3995037,0.3396825,0.3787879,0.3133047,0.3154762,0.3149606,0.35,0.2904192,0.3067332
wagtail sp.,0.0448276,0.0332226,0.0536278,0.0397022,0.0285714,0.0340909,0.0128755,0.0178571,0.023622,0.0307692,0.0209581,0.0274314
Richard's Pipit,0.0137931,0.0232558,0.0378549,0.0397022,0.0412698,0.0492424,0.0343348,0.0297619,0.0354331,0.0423077,0.0359281,0.0199501
Paddyfield Pipit,0.0586207,0.0863787,0.1230284,0.0794045,0.0698413,0.0909091,0.0858369,0.077381,0.0669291,0.0884615,0.0988024,0.0947631
Richard's/Paddyfield Pipit,0.0034483,0.0033223,0.0063091,0.0024814,0.0031746,0.0037879,0.0042918,0.0029762,0.0,0.0038462,0.005988,0.0
Blyth's Pipit,0.0,0.0066445,0.0,0.0024814,0.0063492,0.0151515,0.0,0.0059524,0.003937,0.0076923,0.005988,0.0049875
Rosy Pipit,0.0,0.0,0.0,0.0,0.0,0.0075758,0.0042918,0.0059524,0.007874,0.0,0.008982,0.0024938
Olive-backed Pipit,0.0206897,0.0531561,0.0851735,0.0967742,0.0730159,0.0984848,0.0643777,0.0535714,0.0669291,0.0576923,0.0299401,0.0548628
Red-throated Pipit,0.0,0.0033223,0.0031546,0.0198511,0.0031746,0.0075758,0.0,0.0059524,0.003937,0.0,0.002994,0.0074813
pipit sp.,0.0034483,0.0033223,0.0031546,0.0124069,0.0126984,0.0113636,0.0,0.0029762,0.003937,0.0115385,0.0149701,0.0074813
Common Rosefinch,0.0,0.0,0.0,0.0,0.0,0.0037879,0.0042918,0.0,0.0,0.0,0.0,0.0
Crested Bunting,0.0,0.0,0.0,0.0,0.0,0.0,0.0,0.0,0.0,0.0,0.0,0.0
Black-headed Bunting,0.0,0.0,0.0,0.0,0.0063492,0.0,0.0,0.0,0.0,0.0,0.0,0.0024938
Chestnut-eared Bunting,0.0,0.0,0.0,0.0,0.0031746,0.0,0.0,0.0,0.003937,0.0,0.0,0.0
Yellow-breasted Bunting,0.0,0.0,0.0,0.0,0.0031746,0.0,0.0,0.0029762,0.0,0.0,0.002994,0.0
Little Bunting,0.0,0.0033223,0.0031546,0.0,0.0,0.0,0.0,0.0,0.007874,0.0,0.0,0.0
Black-faced Bunting,0.0,0.0,0.0,0.0,0.0,0.0075758,0.0042918,0.0029762,0.0,0.0,0.0,0.0
Emberiza sp.,0.0034483,0.0,0.0,0.0,0.0,0.0,0.0,0.0,0.0,0.0,0.0,0.0
passerine sp.,0.0068966,0.013289,0.0063091,0.0124069,0.0,0.0,0.0085837,0.0,0.007874,0.0,0.0,0.0049875
